TransactionID,AccountID,TransactionAmount,TransactionDate,TransactionType,Location,Channel,CustomerAge,CustomerOccupation,LoginAttempts,AccountBalance,PreviousTransactionDate,ScenarioLabel,ScenarioRole
PREVIEW000001,AC_PREVIEW_HIGH,213.17,2024-03-01T10:00:00,Debit,Dhaka,Online,59,Retired,1,6695.71,,PREVIEW_HISTORY_NORMAL,HIGH_AMOUNT_SPIKE
PREVIEW000002,AC_PREVIEW_HIGH,532.73,2024-03-02T12:00:00,Debit,Dhaka,ATM,59,Retired,1,8858.51,2024-03-01T10:00:00,PREVIEW_HISTORY_NORMAL,HIGH_AMOUNT_SPIKE
PREVIEW000003,AC_PREVIEW_HIGH,743.71,2024-03-04T14:00:00,Debit,Dhaka,ATM,59,Retired,1,4886.38,2024-03-02T12:00:00,PREVIEW_HISTORY_NORMAL,HIGH_AMOUNT_SPIKE
PREVIEW000004,AC_PREVIEW_HIGH,333.75,2024-03-07T13:00:00,Debit,Dhaka,ATM,59,Retired,2,6596.19,2024-03-04T14:00:00,PREVIEW_HISTORY_NORMAL,HIGH_AMOUNT_SPIKE
PREVIEW000005,AC_PREVIEW_HIGH,602.73,2024-03-08T07:00:00,Debit,Dhaka,ATM,59,Retired,1,7527.68,2024-03-07T13:00:00,PREVIEW_HISTORY_NORMAL,HIGH_AMOUNT_SPIKE
PREVIEW000006,AC_PREVIEW_HIGH,467.25,2024-03-10T19:00:00,Debit,Dhaka,Online,59,Retired,1,6620.23,2024-03-08T07:00:00,PREVIEW_HISTORY_NORMAL,HIGH_AMOUNT_SPIKE
PREVIEW000007,AC_PREVIEW_HIGH,769.92,2024-03-13T08:00:00,Debit,Dhaka,ATM,59,Retired,1,5747.73,2024-03-10T19:00:00,PREVIEW_HISTORY_NORMAL,HIGH_AMOUNT_SPIKE
PREVIEW000008,AC_PREVIEW_HIGH,525.09,2024-03-16T01:00:00,Debit,Dhaka,ATM,59,Retired,1,4238.34,2024-03-13T08:00:00,PREVIEW_HISTORY_NORMAL,HIGH_AMOUNT_SPIKE
PREVIEW000009,AC_PREVIEW_HIGH,670.54,2024-03-16T22:00:00,Debit,Dhaka,ATM,59,Retired,3,5207.46,2024-03-16T01:00:00,PREVIEW_HISTORY_NORMAL,HIGH_AMOUNT_SPIKE
PREVIEW000010,AC_PREVIEW_HIGH,354.30,2024-03-19T00:00:00,Debit,Dhaka,ATM,59,Retired,1,7497.94,2024-03-16T22:00:00,PREVIEW_HISTORY_NORMAL,HIGH_AMOUNT_SPIKE
PREVIEW000011,AC_PREVIEW_HIGH,439.97,2024-03-21T10:00:00,Debit,Dhaka,ATM,59,Retired,1,5119.58,2024-03-19T00:00:00,PREVIEW_HISTORY_NORMAL,HIGH_AMOUNT_SPIKE
PREVIEW000012,AC_PREVIEW_HIGH,282.82,2024-03-23T01:00:00,Debit,Dhaka,Online,59,Retired,1,9998.17,2024-03-21T10:00:00,PREVIEW_HISTORY_NORMAL,HIGH_AMOUNT_SPIKE
PREVIEW000013,AC_PREVIEW_HIGH,615.99,2024-03-24T03:00:00,Debit,Dhaka,ATM,59,Retired,1,7721.24,2024-03-23T01:00:00,PREVIEW_HISTORY_NORMAL,HIGH_AMOUNT_SPIKE
PREVIEW000014,AC_PREVIEW_HIGH,807.97,2024-03-26T09:00:00,Debit,Dhaka,ATM,59,Retired,2,6156.25,2024-03-24T03:00:00,PREVIEW_HISTORY_NORMAL,HIGH_AMOUNT_SPIKE
PREVIEW000015,AC_PREVIEW_HIGH,636.47,2024-03-29T04:00:00,Debit,Dhaka,ATM,59,Retired,1,9084.87,2024-03-26T09:00:00,PREVIEW_HISTORY_NORMAL,HIGH_AMOUNT_SPIKE
PREVIEW000016,AC_PREVIEW_HIGH,601.19,2024-03-30T21:00:00,Debit,Dhaka,ATM,59,Retired,1,9486.26,2024-03-29T04:00:00,PREVIEW_HISTORY_NORMAL,HIGH_AMOUNT_SPIKE
PREVIEW000017,AC_PREVIEW_HIGH,449.16,2024-04-02T19:00:00,Debit,Dhaka,ATM,59,Retired,1,5971.35,2024-03-30T21:00:00,PREVIEW_HISTORY_NORMAL,HIGH_AMOUNT_SPIKE
PREVIEW000018,AC_PREVIEW_HIGH,657.95,2024-04-05T04:00:00,Debit,Dhaka,ATM,59,Retired,1,7857.06,2024-04-02T19:00:00,PREVIEW_HISTORY_NORMAL,HIGH_AMOUNT_SPIKE
PREVIEW000019,AC_PREVIEW_HIGH,320.49,2024-04-07T10:00:00,Debit,Dhaka,ATM,59,Retired,1,9473.97,2024-04-05T04:00:00,PREVIEW_HISTORY_NORMAL,HIGH_AMOUNT_SPIKE
PREVIEW000020,AC_PREVIEW_HIGH,313.29,2024-04-08T14:00:00,Debit,Dhaka,ATM,59,Retired,1,5220.38,2024-04-07T10:00:00,PREVIEW_HISTORY_NORMAL,HIGH_AMOUNT_SPIKE
PREVIEW000021,AC_PREVIEW_HIGH,650.57,2024-04-11T09:00:00,Debit,Dhaka,ATM,59,Retired,1,4143.15,2024-04-08T14:00:00,PREVIEW_HISTORY_NORMAL,HIGH_AMOUNT_SPIKE
PREVIEW000022,AC_PREVIEW_HIGH,693.43,2024-04-13T18:00:00,Debit,Dhaka,Online,59,Retired,1,8750.02,2024-04-11T09:00:00,PREVIEW_HISTORY_NORMAL,HIGH_AMOUNT_SPIKE
PREVIEW000023,AC_PREVIEW_HIGH,499.67,2024-04-15T10:00:00,Debit,Dhaka,ATM,59,Retired,1,9486.99,2024-04-13T18:00:00,PREVIEW_HISTORY_NORMAL,HIGH_AMOUNT_SPIKE
PREVIEW000024,AC_PREVIEW_HIGH,221.22,2024-04-16T12:00:00,Debit,Dhaka,ATM,59,Retired,1,9359.10,2024-04-15T10:00:00,PREVIEW_HISTORY_NORMAL,HIGH_AMOUNT_SPIKE
PREVIEW000025,AC_PREVIEW_HIGH,421.44,2024-04-17T18:00:00,Debit,Dhaka,Online,59,Retired,2,8297.24,2024-04-16T12:00:00,PREVIEW_HISTORY_NORMAL,HIGH_AMOUNT_SPIKE
PREVIEW000026,AC_PREVIEW_HIGH,478.67,2024-04-18T17:00:00,Debit,Dhaka,Online,59,Retired,1,5631.71,2024-04-17T18:00:00,PREVIEW_HISTORY_NORMAL,HIGH_AMOUNT_SPIKE
PREVIEW000027,AC_PREVIEW_HIGH,208.62,2024-04-20T15:00:00,Debit,Dhaka,ATM,59,Retired,3,7689.68,2024-04-18T17:00:00,PREVIEW_HISTORY_NORMAL,HIGH_AMOUNT_SPIKE
PREVIEW000028,AC_PREVIEW_HIGH,170.07,2024-04-22T01:00:00,Debit,Dhaka,ATM,59,Retired,1,5700.02,2024-04-20T15:00:00,PREVIEW_HISTORY_NORMAL,HIGH_AMOUNT_SPIKE
PREVIEW000029,AC_PREVIEW_HIGH,316.90,2024-04-24T04:00:00,Debit,Dhaka,ATM,59,Retired,1,8817.51,2024-04-22T01:00:00,PREVIEW_HISTORY_NORMAL,HIGH_AMOUNT_SPIKE
PREVIEW000030,AC_PREVIEW_HIGH,302.70,2024-04-25T05:00:00,Debit,Dhaka,ATM,59,Retired,2,5369.46,2024-04-24T04:00:00,PREVIEW_HISTORY_NORMAL,HIGH_AMOUNT_SPIKE
PREVIEW000031,AC_PREVIEW_HIGH,589.50,2024-04-27T17:00:00,Debit,Dhaka,ATM,59,Retired,3,9263.66,2024-04-25T05:00:00,PREVIEW_HISTORY_NORMAL,HIGH_AMOUNT_SPIKE
PREVIEW000032,AC_PREVIEW_HIGH,653.08,2024-04-30T09:00:00,Debit,Dhaka,Online,59,Retired,1,6181.86,2024-04-27T17:00:00,PREVIEW_HISTORY_NORMAL,HIGH_AMOUNT_SPIKE
PREVIEW000033,AC_PREVIEW_HIGH,460.12,2024-05-03T08:00:00,Debit,Dhaka,ATM,59,Retired,1,9485.21,2024-04-30T09:00:00,PREVIEW_HISTORY_NORMAL,HIGH_AMOUNT_SPIKE
PREVIEW000034,AC_PREVIEW_HIGH,335.89,2024-05-05T18:00:00,Debit,Dhaka,ATM,59,Retired,2,10323.19,2024-05-03T08:00:00,PREVIEW_HISTORY_NORMAL,HIGH_AMOUNT_SPIKE
PREVIEW000035,AC_PREVIEW_HIGH,953.28,2024-05-08T17:00:00,Debit,Dhaka,ATM,59,Retired,1,4589.69,2024-05-05T18:00:00,PREVIEW_HISTORY_NORMAL,HIGH_AMOUNT_SPIKE
PREVIEW000036,AC_PREVIEW_HIGH,492.08,2024-05-10T10:00:00,Debit,Dhaka,Online,59,Retired,3,9944.77,2024-05-08T17:00:00,PREVIEW_HISTORY_NORMAL,HIGH_AMOUNT_SPIKE
PREVIEW000037,AC_PREVIEW_HIGH,748.39,2024-05-12T00:00:00,Debit,Dhaka,ATM,59,Retired,1,7489.93,2024-05-10T10:00:00,PREVIEW_HISTORY_NORMAL,HIGH_AMOUNT_SPIKE
PREVIEW000038,AC_PREVIEW_HIGH,494.33,2024-05-14T18:00:00,Debit,Dhaka,ATM,59,Retired,1,5194.47,2024-05-12T00:00:00,PREVIEW_HISTORY_NORMAL,HIGH_AMOUNT_SPIKE
PREVIEW000039,AC_PREVIEW_HIGH,510.85,2024-05-17T18:00:00,Debit,Dhaka,ATM,59,Retired,1,5694.92,2024-05-14T18:00:00,PREVIEW_HISTORY_NORMAL,HIGH_AMOUNT_SPIKE
PREVIEW000040,AC_PREVIEW_HIGH,333.44,2024-05-20T16:00:00,Debit,Dhaka,ATM,59,Retired,1,5578.97,2024-05-17T18:00:00,PREVIEW_HISTORY_NORMAL,HIGH_AMOUNT_SPIKE
PREVIEW000041,AC_PREVIEW_HIGH,5685.36,2024-05-21T02:00:00,Debit,Dhaka,ATM,59,Retired,1,9384.94,2024-05-20T16:00:00,HIGH_AMOUNT_SPIKE,preview_candidate
PREVIEW000042,AC_PREVIEW_LOCA,426.15,2024-03-01T10:00:00,Debit,Dhaka,Branch,41,Doctor,2,7319.82,,PREVIEW_HISTORY_NORMAL,LOCATION_CHANGE
PREVIEW000043,AC_PREVIEW_LOCA,873.68,2024-03-03T04:00:00,Debit,Dhaka,Online,41,Doctor,1,5329.15,2024-03-01T10:00:00,PREVIEW_HISTORY_NORMAL,LOCATION_CHANGE
PREVIEW000044,AC_PREVIEW_LOCA,952.12,2024-03-05T08:00:00,Debit,Dhaka,Branch,41,Doctor,1,5173.76,2024-03-03T04:00:00,PREVIEW_HISTORY_NORMAL,LOCATION_CHANGE
PREVIEW000045,AC_PREVIEW_LOCA,817.48,2024-03-07T09:00:00,Credit,Dhaka,Branch,41,Doctor,1,4544.48,2024-03-05T08:00:00,PREVIEW_HISTORY_NORMAL,LOCATION_CHANGE
PREVIEW000046,AC_PREVIEW_LOCA,373.98,2024-03-08T18:00:00,Debit,Dhaka,Online,41,Doctor,1,9091.29,2024-03-07T09:00:00,PREVIEW_HISTORY_NORMAL,LOCATION_CHANGE
PREVIEW000047,AC_PREVIEW_LOCA,121.87,2024-03-10T18:00:00,Credit,Dhaka,Branch,41,Doctor,1,5821.84,2024-03-08T18:00:00,PREVIEW_HISTORY_NORMAL,LOCATION_CHANGE
PREVIEW000048,AC_PREVIEW_LOCA,458.80,2024-03-12T22:00:00,Debit,Dhaka,Branch,41,Doctor,1,6782.62,2024-03-10T18:00:00,PREVIEW_HISTORY_NORMAL,LOCATION_CHANGE
PREVIEW000049,AC_PREVIEW_LOCA,189.81,2024-03-15T05:00:00,Debit,Dhaka,ATM,41,Doctor,1,5113.62,2024-03-12T22:00:00,PREVIEW_HISTORY_NORMAL,LOCATION_CHANGE
PREVIEW000050,AC_PREVIEW_LOCA,640.44,2024-03-16T19:00:00,Debit,Dhaka,ATM,41,Doctor,1,5877.91,2024-03-15T05:00:00,PREVIEW_HISTORY_NORMAL,LOCATION_CHANGE
PREVIEW000051,AC_PREVIEW_LOCA,1217.45,2024-03-18T04:00:00,Debit,Dhaka,Branch,41,Doctor,1,4034.99,2024-03-16T19:00:00,PREVIEW_HISTORY_NORMAL,LOCATION_CHANGE
PREVIEW000052,AC_PREVIEW_LOCA,142.79,2024-03-19T05:00:00,Debit,Dhaka,Branch,41,Doctor,1,5392.50,2024-03-18T04:00:00,PREVIEW_HISTORY_NORMAL,LOCATION_CHANGE
PREVIEW000053,AC_PREVIEW_LOCA,377.96,2024-03-20T12:00:00,Debit,Dhaka,Branch,41,Doctor,1,6058.48,2024-03-19T05:00:00,PREVIEW_HISTORY_NORMAL,LOCATION_CHANGE
PREVIEW000054,AC_PREVIEW_LOCA,532.00,2024-03-23T10:00:00,Debit,Dhaka,ATM,41,Doctor,1,5945.54,2024-03-20T12:00:00,PREVIEW_HISTORY_NORMAL,LOCATION_CHANGE
PREVIEW000055,AC_PREVIEW_LOCA,62.42,2024-03-25T06:00:00,Debit,Dhaka,ATM,41,Doctor,2,6004.98,2024-03-23T10:00:00,PREVIEW_HISTORY_NORMAL,LOCATION_CHANGE
PREVIEW000056,AC_PREVIEW_LOCA,197.18,2024-03-27T14:00:00,Debit,Dhaka,Online,41,Doctor,1,5597.35,2024-03-25T06:00:00,PREVIEW_HISTORY_NORMAL,LOCATION_CHANGE
PREVIEW000057,AC_PREVIEW_LOCA,285.93,2024-03-28T15:00:00,Debit,Dhaka,Online,41,Doctor,1,3689.28,2024-03-27T14:00:00,PREVIEW_HISTORY_NORMAL,LOCATION_CHANGE
PREVIEW000058,AC_PREVIEW_LOCA,395.04,2024-03-30T16:00:00,Credit,Dhaka,Online,41,Doctor,1,5822.60,2024-03-28T15:00:00,PREVIEW_HISTORY_NORMAL,LOCATION_CHANGE
PREVIEW000059,AC_PREVIEW_LOCA,768.93,2024-03-31T16:00:00,Debit,Dhaka,Online,41,Doctor,1,7812.71,2024-03-30T16:00:00,PREVIEW_HISTORY_NORMAL,LOCATION_CHANGE
PREVIEW000060,AC_PREVIEW_LOCA,815.40,2024-04-02T13:00:00,Debit,Dhaka,Online,41,Doctor,2,8029.78,2024-03-31T16:00:00,PREVIEW_HISTORY_NORMAL,LOCATION_CHANGE
PREVIEW000061,AC_PREVIEW_LOCA,5.00,2024-04-04T03:00:00,Debit,Dhaka,Branch,41,Doctor,2,6914.87,2024-04-02T13:00:00,PREVIEW_HISTORY_NORMAL,LOCATION_CHANGE
PREVIEW000062,AC_PREVIEW_LOCA,353.67,2024-04-06T13:00:00,Credit,Dhaka,Branch,41,Doctor,1,5826.02,2024-04-04T03:00:00,PREVIEW_HISTORY_NORMAL,LOCATION_CHANGE
PREVIEW000063,AC_PREVIEW_LOCA,532.78,2024-04-08T22:00:00,Debit,Dhaka,Branch,41,Doctor,2,6373.11,2024-04-06T13:00:00,PREVIEW_HISTORY_NORMAL,LOCATION_CHANGE
PREVIEW000064,AC_PREVIEW_LOCA,1333.99,2024-04-09T18:00:00,Credit,Dhaka,Branch,41,Doctor,1,4320.23,2024-04-08T22:00:00,PREVIEW_HISTORY_NORMAL,LOCATION_CHANGE
PREVIEW000065,AC_PREVIEW_LOCA,929.33,2024-04-12T17:00:00,Credit,Dhaka,ATM,41,Doctor,1,3538.29,2024-04-09T18:00:00,PREVIEW_HISTORY_NORMAL,LOCATION_CHANGE
PREVIEW000066,AC_PREVIEW_LOCA,103.35,2024-04-14T00:00:00,Credit,Dhaka,Branch,41,Doctor,1,3030.16,2024-04-12T17:00:00,PREVIEW_HISTORY_NORMAL,LOCATION_CHANGE
PREVIEW000067,AC_PREVIEW_LOCA,988.80,2024-04-15T03:00:00,Debit,Dhaka,ATM,41,Doctor,1,7728.60,2024-04-14T00:00:00,PREVIEW_HISTORY_NORMAL,LOCATION_CHANGE
PREVIEW000068,AC_PREVIEW_LOCA,206.45,2024-04-16T20:00:00,Debit,Dhaka,Branch,41,Doctor,3,5746.02,2024-04-15T03:00:00,PREVIEW_HISTORY_NORMAL,LOCATION_CHANGE
PREVIEW000069,AC_PREVIEW_LOCA,390.12,2024-04-19T03:00:00,Credit,Dhaka,Branch,41,Doctor,1,4039.44,2024-04-16T20:00:00,PREVIEW_HISTORY_NORMAL,LOCATION_CHANGE
PREVIEW000070,AC_PREVIEW_LOCA,419.43,2024-04-20T16:00:00,Debit,Dhaka,Branch,41,Doctor,1,5713.61,2024-04-19T03:00:00,PREVIEW_HISTORY_NORMAL,LOCATION_CHANGE
PREVIEW000071,AC_PREVIEW_LOCA,756.37,2024-04-23T16:00:00,Debit,Dhaka,Branch,41,Doctor,1,4555.26,2024-04-20T16:00:00,PREVIEW_HISTORY_NORMAL,LOCATION_CHANGE
PREVIEW000072,AC_PREVIEW_LOCA,252.40,2024-04-25T15:00:00,Credit,Dhaka,Branch,41,Doctor,1,2800.32,2024-04-23T16:00:00,PREVIEW_HISTORY_NORMAL,LOCATION_CHANGE
PREVIEW000073,AC_PREVIEW_LOCA,36.36,2024-04-28T02:00:00,Debit,Dhaka,Branch,41,Doctor,1,3392.41,2024-04-25T15:00:00,PREVIEW_HISTORY_NORMAL,LOCATION_CHANGE
PREVIEW000074,AC_PREVIEW_LOCA,299.27,2024-04-30T21:00:00,Debit,Dhaka,Branch,41,Doctor,1,5071.96,2024-04-28T02:00:00,PREVIEW_HISTORY_NORMAL,LOCATION_CHANGE
PREVIEW000075,AC_PREVIEW_LOCA,71.68,2024-05-02T08:00:00,Debit,Dhaka,ATM,41,Doctor,2,5872.82,2024-04-30T21:00:00,PREVIEW_HISTORY_NORMAL,LOCATION_CHANGE
PREVIEW000076,AC_PREVIEW_LOCA,438.56,2024-05-03T23:00:00,Debit,Dhaka,Branch,41,Doctor,1,4568.22,2024-05-02T08:00:00,PREVIEW_HISTORY_NORMAL,LOCATION_CHANGE
PREVIEW000077,AC_PREVIEW_LOCA,522.29,2024-05-05T21:00:00,Debit,Dhaka,Online,41,Doctor,1,3694.55,2024-05-03T23:00:00,PREVIEW_HISTORY_NORMAL,LOCATION_CHANGE
PREVIEW000078,AC_PREVIEW_LOCA,729.99,2024-05-06T22:00:00,Debit,Dhaka,Branch,41,Doctor,1,6681.22,2024-05-05T21:00:00,PREVIEW_HISTORY_NORMAL,LOCATION_CHANGE
PREVIEW000079,AC_PREVIEW_LOCA,465.76,2024-05-08T09:00:00,Debit,Dhaka,Online,41,Doctor,2,6067.20,2024-05-06T22:00:00,PREVIEW_HISTORY_NORMAL,LOCATION_CHANGE
PREVIEW000080,AC_PREVIEW_LOCA,328.21,2024-05-11T08:00:00,Debit,Dhaka,Branch,41,Doctor,1,4964.57,2024-05-08T09:00:00,PREVIEW_HISTORY_NORMAL,LOCATION_CHANGE
PREVIEW000081,AC_PREVIEW_LOCA,278.66,2024-05-13T06:00:00,Debit,Dhaka,Online,41,Doctor,2,6536.45,2024-05-11T08:00:00,PREVIEW_HISTORY_NORMAL,LOCATION_CHANGE
PREVIEW000082,AC_PREVIEW_LOCA,5.00,2024-05-13T16:00:00,Debit,Remote City,Branch,41,Doctor,1,4819.63,2024-05-13T06:00:00,LOCATION_CHANGE,preview_candidate
PREVIEW000083,AC_PREVIEW_LOGI,453.30,2024-03-01T10:00:00,Debit,Dhaka,Branch,51,Engineer,1,8996.90,,PREVIEW_HISTORY_NORMAL,LOGIN_ATTEMPT_RISK
PREVIEW000084,AC_PREVIEW_LOGI,157.12,2024-03-03T12:00:00,Debit,Dhaka,Branch,51,Engineer,1,8340.15,2024-03-01T10:00:00,PREVIEW_HISTORY_NORMAL,LOGIN_ATTEMPT_RISK
PREVIEW000085,AC_PREVIEW_LOGI,106.75,2024-03-05T13:00:00,Debit,Dhaka,ATM,51,Engineer,3,6052.01,2024-03-03T12:00:00,PREVIEW_HISTORY_NORMAL,LOGIN_ATTEMPT_RISK
PREVIEW000086,AC_PREVIEW_LOGI,70.56,2024-03-07T16:00:00,Credit,Dhaka,ATM,51,Engineer,1,4978.60,2024-03-05T13:00:00,PREVIEW_HISTORY_NORMAL,LOGIN_ATTEMPT_RISK
PREVIEW000087,AC_PREVIEW_LOGI,369.88,2024-03-08T22:00:00,Debit,Dhaka,Branch,51,Engineer,2,12838.76,2024-03-07T16:00:00,PREVIEW_HISTORY_NORMAL,LOGIN_ATTEMPT_RISK
PREVIEW000088,AC_PREVIEW_LOGI,5.00,2024-03-11T17:00:00,Debit,Dhaka,Branch,51,Engineer,2,8684.31,2024-03-08T22:00:00,PREVIEW_HISTORY_NORMAL,LOGIN_ATTEMPT_RISK
PREVIEW000089,AC_PREVIEW_LOGI,230.56,2024-03-12T15:00:00,Debit,Dhaka,Branch,51,Engineer,1,6588.80,2024-03-11T17:00:00,PREVIEW_HISTORY_NORMAL,LOGIN_ATTEMPT_RISK
PREVIEW000090,AC_PREVIEW_LOGI,42.01,2024-03-13T12:00:00,Credit,Dhaka,Branch,51,Engineer,2,3293.44,2024-03-12T15:00:00,PREVIEW_HISTORY_NORMAL,LOGIN_ATTEMPT_RISK
PREVIEW000091,AC_PREVIEW_LOGI,325.67,2024-03-14T14:00:00,Debit,Dhaka,Branch,51,Engineer,1,5200.76,2024-03-13T12:00:00,PREVIEW_HISTORY_NORMAL,LOGIN_ATTEMPT_RISK
PREVIEW000092,AC_PREVIEW_LOGI,210.27,2024-03-16T11:00:00,Debit,Dhaka,Branch,51,Engineer,1,11322.14,2024-03-14T14:00:00,PREVIEW_HISTORY_NORMAL,LOGIN_ATTEMPT_RISK
PREVIEW000093,AC_PREVIEW_LOGI,103.25,2024-03-19T02:00:00,Debit,Dhaka,Branch,51,Engineer,3,5769.52,2024-03-16T11:00:00,PREVIEW_HISTORY_NORMAL,LOGIN_ATTEMPT_RISK
PREVIEW000094,AC_PREVIEW_LOGI,367.06,2024-03-21T14:00:00,Debit,Dhaka,Branch,51,Engineer,1,9388.60,2024-03-19T02:00:00,PREVIEW_HISTORY_NORMAL,LOGIN_ATTEMPT_RISK
PREVIEW000095,AC_PREVIEW_LOGI,276.14,2024-03-23T22:00:00,Debit,Dhaka,Branch,51,Engineer,2,8457.59,2024-03-21T14:00:00,PREVIEW_HISTORY_NORMAL,LOGIN_ATTEMPT_RISK
PREVIEW000096,AC_PREVIEW_LOGI,185.12,2024-03-26T17:00:00,Debit,Dhaka,Branch,51,Engineer,1,8751.28,2024-03-23T22:00:00,PREVIEW_HISTORY_NORMAL,LOGIN_ATTEMPT_RISK
PREVIEW000097,AC_PREVIEW_LOGI,290.54,2024-03-27T23:00:00,Credit,Dhaka,ATM,51,Engineer,1,6212.34,2024-03-26T17:00:00,PREVIEW_HISTORY_NORMAL,LOGIN_ATTEMPT_RISK
PREVIEW000098,AC_PREVIEW_LOGI,302.78,2024-03-29T08:00:00,Debit,Dhaka,Branch,51,Engineer,1,9365.10,2024-03-27T23:00:00,PREVIEW_HISTORY_NORMAL,LOGIN_ATTEMPT_RISK
PREVIEW000099,AC_PREVIEW_LOGI,442.10,2024-03-30T09:00:00,Debit,Dhaka,Branch,51,Engineer,1,9919.30,2024-03-29T08:00:00,PREVIEW_HISTORY_NORMAL,LOGIN_ATTEMPT_RISK
PREVIEW000100,AC_PREVIEW_LOGI,177.93,2024-03-31T19:00:00,Debit,Dhaka,Branch,51,Engineer,1,5874.10,2024-03-30T09:00:00,PREVIEW_HISTORY_NORMAL,LOGIN_ATTEMPT_RISK
PREVIEW000101,AC_PREVIEW_LOGI,235.04,2024-04-03T18:00:00,Debit,Dhaka,ATM,51,Engineer,1,4811.75,2024-03-31T19:00:00,PREVIEW_HISTORY_NORMAL,LOGIN_ATTEMPT_RISK
PREVIEW000102,AC_PREVIEW_LOGI,310.92,2024-04-06T12:00:00,Debit,Dhaka,ATM,51,Engineer,2,9837.75,2024-04-03T18:00:00,PREVIEW_HISTORY_NORMAL,LOGIN_ATTEMPT_RISK
PREVIEW000103,AC_PREVIEW_LOGI,170.02,2024-04-08T21:00:00,Credit,Dhaka,Branch,51,Engineer,1,11411.28,2024-04-06T12:00:00,PREVIEW_HISTORY_NORMAL,LOGIN_ATTEMPT_RISK
PREVIEW000104,AC_PREVIEW_LOGI,223.94,2024-04-10T20:00:00,Debit,Dhaka,Branch,51,Engineer,1,4910.22,2024-04-08T21:00:00,PREVIEW_HISTORY_NORMAL,LOGIN_ATTEMPT_RISK
PREVIEW000105,AC_PREVIEW_LOGI,178.37,2024-04-12T00:00:00,Debit,Dhaka,ATM,51,Engineer,1,5421.40,2024-04-10T20:00:00,PREVIEW_HISTORY_NORMAL,LOGIN_ATTEMPT_RISK
PREVIEW000106,AC_PREVIEW_LOGI,270.03,2024-04-14T13:00:00,Debit,Dhaka,Branch,51,Engineer,1,6365.39,2024-04-12T00:00:00,PREVIEW_HISTORY_NORMAL,LOGIN_ATTEMPT_RISK
PREVIEW000107,AC_PREVIEW_LOGI,412.31,2024-04-17T02:00:00,Credit,Dhaka,ATM,51,Engineer,1,7790.99,2024-04-14T13:00:00,PREVIEW_HISTORY_NORMAL,LOGIN_ATTEMPT_RISK
PREVIEW000108,AC_PREVIEW_LOGI,343.33,2024-04-20T01:00:00,Debit,Dhaka,Branch,51,Engineer,1,9162.09,2024-04-17T02:00:00,PREVIEW_HISTORY_NORMAL,LOGIN_ATTEMPT_RISK
PREVIEW000109,AC_PREVIEW_LOGI,322.48,2024-04-21T17:00:00,Credit,Dhaka,Branch,51,Engineer,1,7480.05,2024-04-20T01:00:00,PREVIEW_HISTORY_NORMAL,LOGIN_ATTEMPT_RISK
PREVIEW000110,AC_PREVIEW_LOGI,18.43,2024-04-22T16:00:00,Debit,Dhaka,ATM,51,Engineer,1,8924.04,2024-04-21T17:00:00,PREVIEW_HISTORY_NORMAL,LOGIN_ATTEMPT_RISK
PREVIEW000111,AC_PREVIEW_LOGI,280.06,2024-04-24T14:00:00,Debit,Dhaka,Branch,51,Engineer,2,10327.06,2024-04-22T16:00:00,PREVIEW_HISTORY_NORMAL,LOGIN_ATTEMPT_RISK
PREVIEW000112,AC_PREVIEW_LOGI,371.45,2024-04-25T21:00:00,Credit,Dhaka,Branch,51,Engineer,1,8416.22,2024-04-24T14:00:00,PREVIEW_HISTORY_NORMAL,LOGIN_ATTEMPT_RISK
PREVIEW000113,AC_PREVIEW_LOGI,366.54,2024-04-28T20:00:00,Credit,Dhaka,ATM,51,Engineer,1,6685.88,2024-04-25T21:00:00,PREVIEW_HISTORY_NORMAL,LOGIN_ATTEMPT_RISK
PREVIEW000114,AC_PREVIEW_LOGI,233.43,2024-04-29T23:00:00,Debit,Dhaka,ATM,51,Engineer,2,6953.24,2024-04-28T20:00:00,PREVIEW_HISTORY_NORMAL,LOGIN_ATTEMPT_RISK
PREVIEW000115,AC_PREVIEW_LOGI,334.89,2024-05-02T23:00:00,Debit,Dhaka,Branch,51,Engineer,1,6550.01,2024-04-29T23:00:00,PREVIEW_HISTORY_NORMAL,LOGIN_ATTEMPT_RISK
PREVIEW000116,AC_PREVIEW_LOGI,192.06,2024-05-03T20:00:00,Debit,Dhaka,Branch,51,Engineer,2,6218.14,2024-05-02T23:00:00,PREVIEW_HISTORY_NORMAL,LOGIN_ATTEMPT_RISK
PREVIEW000117,AC_PREVIEW_LOGI,9.88,2024-05-05T18:00:00,Credit,Dhaka,Branch,51,Engineer,1,7463.59,2024-05-03T20:00:00,PREVIEW_HISTORY_NORMAL,LOGIN_ATTEMPT_RISK
PREVIEW000118,AC_PREVIEW_LOGI,228.77,2024-05-08T08:00:00,Debit,Dhaka,Branch,51,Engineer,1,10966.93,2024-05-05T18:00:00,PREVIEW_HISTORY_NORMAL,LOGIN_ATTEMPT_RISK
PREVIEW000119,AC_PREVIEW_LOGI,416.49,2024-05-10T23:00:00,Credit,Dhaka,Branch,51,Engineer,1,9119.35,2024-05-08T08:00:00,PREVIEW_HISTORY_NORMAL,LOGIN_ATTEMPT_RISK
PREVIEW000120,AC_PREVIEW_LOGI,203.00,2024-05-12T15:00:00,Debit,Dhaka,Branch,51,Engineer,1,7861.08,2024-05-10T23:00:00,PREVIEW_HISTORY_NORMAL,LOGIN_ATTEMPT_RISK
PREVIEW000121,AC_PREVIEW_LOGI,5.00,2024-05-15T05:00:00,Debit,Dhaka,Branch,51,Engineer,2,4515.56,2024-05-12T15:00:00,PREVIEW_HISTORY_NORMAL,LOGIN_ATTEMPT_RISK
PREVIEW000122,AC_PREVIEW_LOGI,153.98,2024-05-16T03:00:00,Debit,Dhaka,Branch,51,Engineer,2,7219.85,2024-05-15T05:00:00,PREVIEW_HISTORY_NORMAL,LOGIN_ATTEMPT_RISK
PREVIEW000123,AC_PREVIEW_LOGI,137.83,2024-05-16T13:00:00,Debit,Dhaka,Branch,51,Engineer,5,5730.25,2024-05-16T03:00:00,LOGIN_ATTEMPT_RISK,preview_candidate
PREVIEW000124,AC_PREVIEW_CHAN,233.68,2024-03-01T10:00:00,Debit,Dhaka,ATM,49,Doctor,1,2334.98,,PREVIEW_HISTORY_NORMAL,CHANNEL_SHIFT
PREVIEW000125,AC_PREVIEW_CHAN,146.49,2024-03-03T06:00:00,Credit,Dhaka,Branch,49,Doctor,1,7790.35,2024-03-01T10:00:00,PREVIEW_HISTORY_NORMAL,CHANNEL_SHIFT
PREVIEW000126,AC_PREVIEW_CHAN,5.00,2024-03-04T20:00:00,Debit,Dhaka,Branch,49,Doctor,1,4873.04,2024-03-03T06:00:00,PREVIEW_HISTORY_NORMAL,CHANNEL_SHIFT
PREVIEW000127,AC_PREVIEW_CHAN,357.26,2024-03-06T21:00:00,Debit,Dhaka,ATM,49,Doctor,1,4572.70,2024-03-04T20:00:00,PREVIEW_HISTORY_NORMAL,CHANNEL_SHIFT
PREVIEW000128,AC_PREVIEW_CHAN,64.22,2024-03-07T18:00:00,Debit,Dhaka,Branch,49,Doctor,1,6856.93,2024-03-06T21:00:00,PREVIEW_HISTORY_NORMAL,CHANNEL_SHIFT
PREVIEW000129,AC_PREVIEW_CHAN,110.35,2024-03-10T00:00:00,Debit,Dhaka,Branch,49,Doctor,1,2714.28,2024-03-07T18:00:00,PREVIEW_HISTORY_NORMAL,CHANNEL_SHIFT
PREVIEW000130,AC_PREVIEW_CHAN,417.80,2024-03-10T21:00:00,Debit,Dhaka,Branch,49,Doctor,1,5542.35,2024-03-10T00:00:00,PREVIEW_HISTORY_NORMAL,CHANNEL_SHIFT
PREVIEW000131,AC_PREVIEW_CHAN,389.09,2024-03-12T14:00:00,Debit,Dhaka,ATM,49,Doctor,1,5202.06,2024-03-10T21:00:00,PREVIEW_HISTORY_NORMAL,CHANNEL_SHIFT
PREVIEW000132,AC_PREVIEW_CHAN,581.32,2024-03-15T10:00:00,Debit,Dhaka,Branch,49,Doctor,1,6109.57,2024-03-12T14:00:00,PREVIEW_HISTORY_NORMAL,CHANNEL_SHIFT
PREVIEW000133,AC_PREVIEW_CHAN,5.00,2024-03-17T09:00:00,Credit,Dhaka,Branch,49,Doctor,1,5353.79,2024-03-15T10:00:00,PREVIEW_HISTORY_NORMAL,CHANNEL_SHIFT
PREVIEW000134,AC_PREVIEW_CHAN,60.01,2024-03-18T09:00:00,Debit,Dhaka,ATM,49,Doctor,2,4434.80,2024-03-17T09:00:00,PREVIEW_HISTORY_NORMAL,CHANNEL_SHIFT
PREVIEW000135,AC_PREVIEW_CHAN,477.21,2024-03-21T09:00:00,Credit,Dhaka,ATM,49,Doctor,2,4486.46,2024-03-18T09:00:00,PREVIEW_HISTORY_NORMAL,CHANNEL_SHIFT
PREVIEW000136,AC_PREVIEW_CHAN,5.00,2024-03-24T06:00:00,Debit,Dhaka,ATM,49,Doctor,1,2722.85,2024-03-21T09:00:00,PREVIEW_HISTORY_NORMAL,CHANNEL_SHIFT
PREVIEW000137,AC_PREVIEW_CHAN,5.00,2024-03-27T03:00:00,Debit,Dhaka,Branch,49,Doctor,1,6693.58,2024-03-24T06:00:00,PREVIEW_HISTORY_NORMAL,CHANNEL_SHIFT
PREVIEW000138,AC_PREVIEW_CHAN,163.04,2024-03-29T21:00:00,Credit,Dhaka,ATM,49,Doctor,1,4395.60,2024-03-27T03:00:00,PREVIEW_HISTORY_NORMAL,CHANNEL_SHIFT
PREVIEW000139,AC_PREVIEW_CHAN,482.29,2024-04-01T13:00:00,Debit,Dhaka,ATM,49,Doctor,1,4962.15,2024-03-29T21:00:00,PREVIEW_HISTORY_NORMAL,CHANNEL_SHIFT
PREVIEW000140,AC_PREVIEW_CHAN,215.91,2024-04-03T16:00:00,Credit,Dhaka,Branch,49,Doctor,1,4556.30,2024-04-01T13:00:00,PREVIEW_HISTORY_NORMAL,CHANNEL_SHIFT
PREVIEW000141,AC_PREVIEW_CHAN,47.59,2024-04-05T06:00:00,Debit,Dhaka,Branch,49,Doctor,1,4316.62,2024-04-03T16:00:00,PREVIEW_HISTORY_NORMAL,CHANNEL_SHIFT
PREVIEW000142,AC_PREVIEW_CHAN,153.45,2024-04-06T11:00:00,Credit,Dhaka,Branch,49,Doctor,1,7260.97,2024-04-05T06:00:00,PREVIEW_HISTORY_NORMAL,CHANNEL_SHIFT
PREVIEW000143,AC_PREVIEW_CHAN,239.81,2024-04-08T15:00:00,Debit,Dhaka,ATM,49,Doctor,1,6156.66,2024-04-06T11:00:00,PREVIEW_HISTORY_NORMAL,CHANNEL_SHIFT
PREVIEW000144,AC_PREVIEW_CHAN,591.10,2024-04-10T06:00:00,Credit,Dhaka,Branch,49,Doctor,1,5010.58,2024-04-08T15:00:00,PREVIEW_HISTORY_NORMAL,CHANNEL_SHIFT
PREVIEW000145,AC_PREVIEW_CHAN,234.84,2024-04-13T02:00:00,Debit,Dhaka,ATM,49,Doctor,1,3886.19,2024-04-10T06:00:00,PREVIEW_HISTORY_NORMAL,CHANNEL_SHIFT
PREVIEW000146,AC_PREVIEW_CHAN,675.81,2024-04-15T23:00:00,Debit,Dhaka,ATM,49,Doctor,1,2986.35,2024-04-13T02:00:00,PREVIEW_HISTORY_NORMAL,CHANNEL_SHIFT
PREVIEW000147,AC_PREVIEW_CHAN,190.81,2024-04-16T21:00:00,Debit,Dhaka,ATM,49,Doctor,3,4329.29,2024-04-15T23:00:00,PREVIEW_HISTORY_NORMAL,CHANNEL_SHIFT
PREVIEW000148,AC_PREVIEW_CHAN,605.71,2024-04-17T19:00:00,Credit,Dhaka,Branch,49,Doctor,2,4005.73,2024-04-16T21:00:00,PREVIEW_HISTORY_NORMAL,CHANNEL_SHIFT
PREVIEW000149,AC_PREVIEW_CHAN,226.94,2024-04-20T05:00:00,Credit,Dhaka,ATM,49,Doctor,1,5100.94,2024-04-17T19:00:00,PREVIEW_HISTORY_NORMAL,CHANNEL_SHIFT
PREVIEW000150,AC_PREVIEW_CHAN,5.00,2024-04-22T08:00:00,Debit,Dhaka,Branch,49,Doctor,2,5460.90,2024-04-20T05:00:00,PREVIEW_HISTORY_NORMAL,CHANNEL_SHIFT
PREVIEW000151,AC_PREVIEW_CHAN,222.00,2024-04-24T03:00:00,Debit,Dhaka,Branch,49,Doctor,1,6185.80,2024-04-22T08:00:00,PREVIEW_HISTORY_NORMAL,CHANNEL_SHIFT
PREVIEW000152,AC_PREVIEW_CHAN,394.08,2024-04-25T07:00:00,Debit,Dhaka,Branch,49,Doctor,3,3600.56,2024-04-24T03:00:00,PREVIEW_HISTORY_NORMAL,CHANNEL_SHIFT
PREVIEW000153,AC_PREVIEW_CHAN,273.67,2024-04-27T23:00:00,Debit,Dhaka,Branch,49,Doctor,1,5131.55,2024-04-25T07:00:00,PREVIEW_HISTORY_NORMAL,CHANNEL_SHIFT
PREVIEW000154,AC_PREVIEW_CHAN,377.12,2024-04-30T02:00:00,Debit,Dhaka,ATM,49,Doctor,2,4338.27,2024-04-27T23:00:00,PREVIEW_HISTORY_NORMAL,CHANNEL_SHIFT
PREVIEW000155,AC_PREVIEW_CHAN,145.58,2024-05-01T19:00:00,Debit,Dhaka,Branch,49,Doctor,1,4389.26,2024-04-30T02:00:00,PREVIEW_HISTORY_NORMAL,CHANNEL_SHIFT
PREVIEW000156,AC_PREVIEW_CHAN,538.05,2024-05-03T14:00:00,Debit,Dhaka,Branch,49,Doctor,1,4948.58,2024-05-01T19:00:00,PREVIEW_HISTORY_NORMAL,CHANNEL_SHIFT
PREVIEW000157,AC_PREVIEW_CHAN,215.86,2024-05-04T09:00:00,Credit,Dhaka,Branch,49,Doctor,1,5016.84,2024-05-03T14:00:00,PREVIEW_HISTORY_NORMAL,CHANNEL_SHIFT
PREVIEW000158,AC_PREVIEW_CHAN,459.15,2024-05-07T09:00:00,Credit,Dhaka,Branch,49,Doctor,1,4510.28,2024-05-04T09:00:00,PREVIEW_HISTORY_NORMAL,CHANNEL_SHIFT
PREVIEW000159,AC_PREVIEW_CHAN,62.20,2024-05-08T08:00:00,Credit,Dhaka,Branch,49,Doctor,1,4169.40,2024-05-07T09:00:00,PREVIEW_HISTORY_NORMAL,CHANNEL_SHIFT
PREVIEW000160,AC_PREVIEW_CHAN,94.72,2024-05-10T01:00:00,Debit,Dhaka,ATM,49,Doctor,2,6183.04,2024-05-08T08:00:00,PREVIEW_HISTORY_NORMAL,CHANNEL_SHIFT
PREVIEW000161,AC_PREVIEW_CHAN,236.48,2024-05-11T03:00:00,Credit,Dhaka,Branch,49,Doctor,2,7481.14,2024-05-10T01:00:00,PREVIEW_HISTORY_NORMAL,CHANNEL_SHIFT
PREVIEW000162,AC_PREVIEW_CHAN,261.01,2024-05-13T17:00:00,Credit,Dhaka,Branch,49,Doctor,1,4620.65,2024-05-11T03:00:00,PREVIEW_HISTORY_NORMAL,CHANNEL_SHIFT
PREVIEW000163,AC_PREVIEW_CHAN,106.60,2024-05-14T11:00:00,Credit,Dhaka,Branch,49,Doctor,1,4433.72,2024-05-13T17:00:00,PREVIEW_HISTORY_NORMAL,CHANNEL_SHIFT
PREVIEW000164,AC_PREVIEW_CHAN,5.00,2024-05-14T21:00:00,Debit,Dhaka,Online,49,Doctor,1,6016.69,2024-05-14T11:00:00,CHANNEL_SHIFT,preview_candidate
PREVIEW000165,AC_PREVIEW_COMP,28.12,2024-03-01T10:00:00,Debit,Dhaka,Branch,53,Doctor,1,7703.05,,PREVIEW_HISTORY_NORMAL,COMPOUND_SUSPICIOUS
PREVIEW000166,AC_PREVIEW_COMP,49.37,2024-03-03T13:00:00,Debit,Dhaka,Branch,53,Doctor,1,8988.09,2024-03-01T10:00:00,PREVIEW_HISTORY_NORMAL,COMPOUND_SUSPICIOUS
PREVIEW000167,AC_PREVIEW_COMP,18.92,2024-03-06T12:00:00,Debit,Dhaka,Branch,53,Doctor,1,6992.97,2024-03-03T13:00:00,PREVIEW_HISTORY_NORMAL,COMPOUND_SUSPICIOUS
PREVIEW000168,AC_PREVIEW_COMP,5.00,2024-03-09T02:00:00,Debit,Dhaka,Branch,53,Doctor,1,3908.15,2024-03-06T12:00:00,PREVIEW_HISTORY_NORMAL,COMPOUND_SUSPICIOUS
PREVIEW000169,AC_PREVIEW_COMP,153.54,2024-03-11T12:00:00,Debit,Dhaka,Branch,53,Doctor,2,6915.84,2024-03-09T02:00:00,PREVIEW_HISTORY_NORMAL,COMPOUND_SUSPICIOUS
PREVIEW000170,AC_PREVIEW_COMP,116.44,2024-03-12T15:00:00,Credit,Dhaka,Branch,53,Doctor,3,6790.00,2024-03-11T12:00:00,PREVIEW_HISTORY_NORMAL,COMPOUND_SUSPICIOUS
PREVIEW000171,AC_PREVIEW_COMP,170.72,2024-03-14T13:00:00,Debit,Dhaka,Branch,53,Doctor,1,4913.59,2024-03-12T15:00:00,PREVIEW_HISTORY_NORMAL,COMPOUND_SUSPICIOUS
PREVIEW000172,AC_PREVIEW_COMP,5.00,2024-03-16T12:00:00,Debit,Dhaka,Branch,53,Doctor,1,6229.12,2024-03-14T13:00:00,PREVIEW_HISTORY_NORMAL,COMPOUND_SUSPICIOUS
PREVIEW000173,AC_PREVIEW_COMP,98.62,2024-03-18T15:00:00,Debit,Dhaka,Branch,53,Doctor,1,9328.95,2024-03-16T12:00:00,PREVIEW_HISTORY_NORMAL,COMPOUND_SUSPICIOUS
PREVIEW000174,AC_PREVIEW_COMP,5.00,2024-03-20T13:00:00,Debit,Dhaka,Branch,53,Doctor,1,8342.32,2024-03-18T15:00:00,PREVIEW_HISTORY_NORMAL,COMPOUND_SUSPICIOUS
PREVIEW000175,AC_PREVIEW_COMP,117.98,2024-03-23T12:00:00,Debit,Dhaka,Branch,53,Doctor,1,7627.46,2024-03-20T13:00:00,PREVIEW_HISTORY_NORMAL,COMPOUND_SUSPICIOUS
PREVIEW000176,AC_PREVIEW_COMP,7.79,2024-03-24T12:00:00,Debit,Dhaka,Branch,53,Doctor,1,6591.09,2024-03-23T12:00:00,PREVIEW_HISTORY_NORMAL,COMPOUND_SUSPICIOUS
PREVIEW000177,AC_PREVIEW_COMP,123.02,2024-03-26T13:00:00,Debit,Dhaka,Branch,53,Doctor,1,10088.66,2024-03-24T12:00:00,PREVIEW_HISTORY_NORMAL,COMPOUND_SUSPICIOUS
PREVIEW000178,AC_PREVIEW_COMP,148.81,2024-03-28T01:00:00,Debit,Dhaka,Branch,53,Doctor,1,4026.27,2024-03-26T13:00:00,PREVIEW_HISTORY_NORMAL,COMPOUND_SUSPICIOUS
PREVIEW000179,AC_PREVIEW_COMP,156.58,2024-03-31T00:00:00,Debit,Dhaka,Branch,53,Doctor,1,8939.43,2024-03-28T01:00:00,PREVIEW_HISTORY_NORMAL,COMPOUND_SUSPICIOUS
PREVIEW000180,AC_PREVIEW_COMP,5.00,2024-03-31T21:00:00,Credit,Dhaka,Branch,53,Doctor,2,5244.26,2024-03-31T00:00:00,PREVIEW_HISTORY_NORMAL,COMPOUND_SUSPICIOUS
PREVIEW000181,AC_PREVIEW_COMP,5.00,2024-04-02T17:00:00,Debit,Dhaka,Branch,53,Doctor,2,9237.36,2024-03-31T21:00:00,PREVIEW_HISTORY_NORMAL,COMPOUND_SUSPICIOUS
PREVIEW000182,AC_PREVIEW_COMP,5.00,2024-04-05T03:00:00,Debit,Dhaka,Branch,53,Doctor,1,2896.79,2024-04-02T17:00:00,PREVIEW_HISTORY_NORMAL,COMPOUND_SUSPICIOUS
PREVIEW000183,AC_PREVIEW_COMP,61.99,2024-04-07T02:00:00,Debit,Dhaka,Branch,53,Doctor,1,7136.79,2024-04-05T03:00:00,PREVIEW_HISTORY_NORMAL,COMPOUND_SUSPICIOUS
PREVIEW000184,AC_PREVIEW_COMP,163.98,2024-04-09T15:00:00,Debit,Dhaka,Branch,53,Doctor,1,4511.73,2024-04-07T02:00:00,PREVIEW_HISTORY_NORMAL,COMPOUND_SUSPICIOUS
PREVIEW000185,AC_PREVIEW_COMP,201.06,2024-04-12T11:00:00,Credit,Dhaka,Branch,53,Doctor,1,9233.18,2024-04-09T15:00:00,PREVIEW_HISTORY_NORMAL,COMPOUND_SUSPICIOUS
PREVIEW000186,AC_PREVIEW_COMP,120.08,2024-04-13T06:00:00,Debit,Dhaka,Branch,53,Doctor,1,7825.36,2024-04-12T11:00:00,PREVIEW_HISTORY_NORMAL,COMPOUND_SUSPICIOUS
PREVIEW000187,AC_PREVIEW_COMP,199.42,2024-04-14T18:00:00,Debit,Dhaka,Branch,53,Doctor,2,6457.70,2024-04-13T06:00:00,PREVIEW_HISTORY_NORMAL,COMPOUND_SUSPICIOUS
PREVIEW000188,AC_PREVIEW_COMP,52.64,2024-04-17T15:00:00,Debit,Dhaka,Branch,53,Doctor,1,3840.36,2024-04-14T18:00:00,PREVIEW_HISTORY_NORMAL,COMPOUND_SUSPICIOUS
PREVIEW000189,AC_PREVIEW_COMP,106.50,2024-04-19T13:00:00,Debit,Dhaka,Branch,53,Doctor,1,7696.78,2024-04-17T15:00:00,PREVIEW_HISTORY_NORMAL,COMPOUND_SUSPICIOUS
PREVIEW000190,AC_PREVIEW_COMP,188.01,2024-04-22T01:00:00,Credit,Dhaka,Branch,53,Doctor,1,7511.19,2024-04-19T13:00:00,PREVIEW_HISTORY_NORMAL,COMPOUND_SUSPICIOUS
PREVIEW000191,AC_PREVIEW_COMP,89.27,2024-04-24T16:00:00,Credit,Dhaka,Branch,53,Doctor,1,7957.52,2024-04-22T01:00:00,PREVIEW_HISTORY_NORMAL,COMPOUND_SUSPICIOUS
PREVIEW000192,AC_PREVIEW_COMP,81.90,2024-04-27T10:00:00,Debit,Dhaka,Branch,53,Doctor,1,9773.21,2024-04-24T16:00:00,PREVIEW_HISTORY_NORMAL,COMPOUND_SUSPICIOUS
PREVIEW000193,AC_PREVIEW_COMP,5.00,2024-04-29T13:00:00,Debit,Dhaka,Branch,53,Doctor,3,5277.05,2024-04-27T10:00:00,PREVIEW_HISTORY_NORMAL,COMPOUND_SUSPICIOUS
PREVIEW000194,AC_PREVIEW_COMP,77.42,2024-04-30T23:00:00,Debit,Dhaka,Branch,53,Doctor,1,5071.81,2024-04-29T13:00:00,PREVIEW_HISTORY_NORMAL,COMPOUND_SUSPICIOUS
PREVIEW000195,AC_PREVIEW_COMP,181.27,2024-05-03T21:00:00,Credit,Dhaka,Branch,53,Doctor,1,8202.72,2024-04-30T23:00:00,PREVIEW_HISTORY_NORMAL,COMPOUND_SUSPICIOUS
PREVIEW000196,AC_PREVIEW_COMP,46.72,2024-05-05T09:00:00,Debit,Dhaka,Branch,53,Doctor,2,7733.75,2024-05-03T21:00:00,PREVIEW_HISTORY_NORMAL,COMPOUND_SUSPICIOUS
PREVIEW000197,AC_PREVIEW_COMP,228.69,2024-05-06T04:00:00,Credit,Dhaka,Branch,53,Doctor,1,6340.88,2024-05-05T09:00:00,PREVIEW_HISTORY_NORMAL,COMPOUND_SUSPICIOUS
PREVIEW000198,AC_PREVIEW_COMP,7.03,2024-05-07T01:00:00,Debit,Dhaka,Branch,53,Doctor,1,7223.76,2024-05-06T04:00:00,PREVIEW_HISTORY_NORMAL,COMPOUND_SUSPICIOUS
PREVIEW000199,AC_PREVIEW_COMP,143.72,2024-05-09T04:00:00,Debit,Dhaka,Branch,53,Doctor,1,8266.29,2024-05-07T01:00:00,PREVIEW_HISTORY_NORMAL,COMPOUND_SUSPICIOUS
PREVIEW000200,AC_PREVIEW_COMP,198.96,2024-05-11T19:00:00,Credit,Dhaka,Branch,53,Doctor,2,7946.94,2024-05-09T04:00:00,PREVIEW_HISTORY_NORMAL,COMPOUND_SUSPICIOUS
PREVIEW000201,AC_PREVIEW_COMP,20.63,2024-05-13T09:00:00,Credit,Dhaka,Branch,53,Doctor,1,5156.47,2024-05-11T19:00:00,PREVIEW_HISTORY_NORMAL,COMPOUND_SUSPICIOUS
PREVIEW000202,AC_PREVIEW_COMP,114.97,2024-05-15T12:00:00,Debit,Dhaka,Branch,53,Doctor,2,5468.86,2024-05-13T09:00:00,PREVIEW_HISTORY_NORMAL,COMPOUND_SUSPICIOUS
PREVIEW000203,AC_PREVIEW_COMP,107.62,2024-05-17T16:00:00,Credit,Dhaka,Branch,53,Doctor,1,8258.60,2024-05-15T12:00:00,PREVIEW_HISTORY_NORMAL,COMPOUND_SUSPICIOUS
PREVIEW000204,AC_PREVIEW_COMP,255.48,2024-05-19T09:00:00,Debit,Dhaka,Branch,53,Doctor,1,6384.47,2024-05-17T16:00:00,PREVIEW_HISTORY_NORMAL,COMPOUND_SUSPICIOUS
PREVIEW000205,AC_PREVIEW_COMP,2016.30,2024-05-19T02:59:00,Debit,Remote City,Online,53,Doctor,6,10246.36,2024-05-19T09:00:00,COMPOUND_SUSPICIOUS,preview_candidate
